date,latitude,longitude,time,uv_index,cloud_cover,temp_f,humidity,wind_direction_degrees,wind_speed_kmph,pressure_mb,dewpoint_f,head_index_f,percipitation_mm,visualbility_km,moon_phase,dayofyear,species,angler,angler_id,harvest_id
20170801,32.86616333,-97.27453667
20170729,43.73146828,-72.61123896,2017-07-29 17:49:00 UTC,0,15,78,64,33,8,1014,47,67,0.0,9,0.4149845608907871,210,Lepomis gibbosus,fatroosterfarm,112646,7331297
20170728,43.410852,-73.03123287,2017-07-28 23:27:17 UTC,0,31,79,72,338,8,1012,55,72,0.1,8,0.3403910107504893,209,Micropterus salmoides,hilbillyhippie,553261,7333834
20170803,39.11015173,-79.87288803,2017-08-03 15:22:00 UTC,0,5,87,64,254,8,1018,58,77,0.1,10,0.8472056572759223,215,Micropterus salmoides,randybodkins,492790,7335979
20170802,30.45241691,-85.53080443,2017-08-02 13:59:58 UTC,0,18,94,67,74,9,1016,67,85,0.8,10,0.7686404416146219,214,Micropterus salmoides,amiacalva,369934,7337594
20170803,43.62588667,-73.735405,2017-08-03 20:01:46 UTC,0,32,89,72,199,6,1018,60,77,0.7,7,0.8602713528616021,215,Micropterus dolomieu,bobby23,516268,7338124
20170803,44.464377,-93.154299,2017-08-03 14:56:48 UTC,0,83,68,92,238,15,1016,56,58,18.0,6,0.8460062379263666,215,Lepomis macrochirus,scottking,65504,7339922
20170803,44.464377,-93.154299,2017-08-03 15:56:24 UTC,0,83,68,92,238,15,1016,56,58,18.0,6,0.8488370187727392,215,Micropterus salmoides,scottking,65504,7339923
20170730,37.11690556,-91.20098333,2017-07-30 16:24:00 UTC,0,17,90,69,65,9,1019,61,78,0.0,8,0.5070777386025755,211,Lepomis megalotis,jefferykarafa,487427,7341478
20170803,41.20901,-81.69728
20170803,41.20901,-81.69728,2017-08-03 14:59:00 UTC,0,11,82,82,212,10,1016,67,75,15.3,9,0.846111095377422,215,Lepomis macrochirus,tortuga_rapido,10162,7349360
20170803,41.20901,-81.69728,2017-08-03 15:01:00 UTC,0,11,82,82,212,10,1016,67,75,15.3,9,0.8462063960696271,215,Micropterus salmoides,tortuga_rapido,10162,7349448
20170804,33.17640441,-86.5153867,2017-08-04 23:06:00 UTC,0,60,94,76,252,5,1016,69,85,1.7,6,0.9262514694348489,216,Lepomis macrochirus,photolizm,249927,7352985
20170804,38.82615145,-77.50509761,2017-08-04 19:35:00 UTC,0,5,92,69,183,10,1014,66,85,0.5,9,0.9187006251207451,216,Lepomis auritus,crittertrackerboss1,253359,7354592
20170804,29.69132143,-99.7551296,2017-08-04 23:06:11 UTC,0,26,94,59,76,10,1015,68,90,0.8,10,0.9262578892980509,216,Lepomis megalotis,jonahevans,10553,7355990
20170801,43.63176333,-73.731255,2017-08-01 21:27:59 UTC,0,10,91,72,147,3,1017,61,76,0.1,8,0.7115633202736549,213,Lepomis gibbosus,bobby23,516268,7363050
20170804,37.87023333,-92.06099637,2017-08-04 17:41:21 UTC,0,2,77,64,237,11,1019,53,69,0.2,10,0.9145008459666412,216,Micropterus dolomieu,amlambert11,183583,7364128
20170805,34.50574164,-85.61143348,2017-08-05 20:34:32 UTC,0,18,86,72,234,8,1017,61,77,0.0,7,0.9650082606432286,217,Lepomis cyanellus,ian66,527757,7364586
20170805,35.65527379,-79.07341003,2017-08-05 16:15:00 UTC,0,9,90,59,319,9,1015,61,84,0.4,10,0.9582605934896067,217,Micropterus salmoides,tallastro,256327,7365312
20170805,29.47662167,-96.68353333,2017-08-05 15:33:17 UTC,0,16,94,75,157,12,1014,74,90,2.7,10,0.957124635301667,217,Lepomis macrochirus,rebecca76,298217,7367315
20161114,33.3778814,-97.77978882,2016-11-15 02:30:35 UTC,0,13,74,78,281,14,1017,52,63,0.0,8,0.9940124337827072,320,Micropterus salmoides,aholdorf,559794,7369266
20170719,41.581305,-83.59552833,2017-07-19 15:47:16 UTC,0,7,89,81,276,9,1017,73,85,0.6,10,0.19494213924336473,200,Micropterus salmoides,adrozdowicz,529076,7370180
20170425,41.95633333,-83.659845,2017-04-25 18:47:17 UTC,0,88,63,75,128,13,1011,47,55,0.0,9,0.008849867500787478,115,Micropterus dolomieu,adrozdowicz,529076,7370186
20170804,42.43356137,-83.98733497,2017-08-04 17:53:00 UTC,0,78,69,85,247,22,1009,58,63,2.0,10,0.9149355800583713,216,Lepomis gibbosus,koinpro,284003,7371487
20170805,30.15640299,-97.79557228,2017-08-05 18:57:00 UTC,0,29,95,69,163,13,1014,72,91,4.5,9,0.9625374272992121,217,Micropterus salmoides,jeffmci9,435598,7371958
20170805,30.15591402,-97.79613018,2017-08-05 19:16:00 UTC,0,29,95,69,163,13,1014,72,91,4.5,9,0.9630249253026487,217,Lepomis cyanellus,jeffmci9,435598,7371972
20170805,30.15596968,-97.79638767,2017-08-05 19:18:00 UTC,0,29,95,69,163,13,1014,72,91,4.5,9,0.9630760676804178,217,Micropterus salmoides,jeffmci9,435598,7371977
20170805,30.41335106,-97.22239494,2017-08-05 22:06:00 UTC,0,23,94,71,155,13,1014,72,90,1.5,10,0.9672536106626799,217,Lepomis cyanellus,jeffmci9,435598,7372034
20170805,30.41343581,-97.22248077,2017-08-05 22:08:00 UTC,0,23,94,71,155,13,1014,72,90,1.5,10,0.9673019266671324,217,Lepomis cyanellus,jeffmci9,435598,7372039
20170805,30.40261757,-97.19141006
20170805,30.40261756,-97.19106674,2017-08-05 23:08:00 UTC,0,23,94,71,155,13,1014,72,90,1.5,10,0.9687358065426895,217,Lepomis cyanellus,jeffmci9,435598,7372122
20170805,30.38781081,-97.06420898,2017-08-05 23:54:00 UTC,0,17,92,75,154,12,1014,73,89,1.6,10,0.9698146049054852,217,Lepomis cyanellus,jeffmci9,435598,7372199
20170806,40.198495,-75.38739667,2017-08-06 16:15:48 UTC,0,9,83,49,286,9,1019,53,75,0.0,10,0.9884723563308349,218,Lepomis auritus,cliffh,310517,7378610
20170805,33.14218617,-85.60507167
20170801,44.70331403,-91.86904907,2017-08-01 15:42:00 UTC,0,7,82,85,249,10,1017,66,74,3.6,8,0.6907407840341125,213,Lepomis macrochirus,flabellare223,359145,7383122
20170805,41.05578617,-94.74691167,2017-08-05 14:14:33 UTC,0,36,78,72,151,12,1016,53,66,1.9,9,0.9549423845385263,217,Lepomis macrochirus,thearbiter,567874,7393319
20170807,44.407045,-83.85635333,2017-08-08 00:10:42 UTC,0,31,77,71,339,8,1017,53,67,0.7,8,0.9992657673146295,220,Lepomis gibbosus,henicorhina,19563,7400144
20170805,46.369,-95.78704667,2017-08-05 18:46:58 UTC,0,40,78,51,220,7,1015,47,69,0.4,10,0.9622787939745695,217,Micropterus salmoides,blazeclaw,491170,7411662
20130617,42.15933333,-80.11816667,2013-06-17 19:43:17 UTC,0,18,73,81,267,13,1013,58,67,0.4,10,0.6160291890759211,168,Lepomis gibbosus,tonymorrison,417530,7414104
20170809,46.288834,-85.944771,2017-08-09 15:38:16 UTC,0,48,78,75,188,6,1019,56,68,1.2,10,0.9624523127178672,221,Lepomis gibbosus,rangersara,499533,7421617
20170809,43.74244553,-73.7848431,2017-08-09 19:19:35 UTC,0,13,79,71,285,10,1021,53,69,0.7,9,0.9561238730316615,221,Lepomis auritus,brook,13710,7424358
20170809,39.03363109,-77.00934765,2017-08-09 18:24:58 UTC,0,5,92,44,41,6,1022,54,83,0.0,10,0.9577310458530781,221,Lepomis auritus,mr_dutton,549533,7428313
20170728,31.61097431,-95.24188642,2017-07-28 21:37:00 UTC,0,0,97,71,235,11,1012,75,96,0.0,10,0.3330070669334342,209,Lepomis cyanellus,eric_keith,147168,7428929
20170728,31.60821414,-95.23814142,2017-07-28 23:29:00 UTC,0,0,97,71,235,11,1012,75,96,0.0,10,0.34050611494277894,209,Lepomis cyanellus,eric_keith,147168,7428930
20170728,31.61118839,-95.24134853,2017-07-28 23:30:00 UTC,0,0,97,71,235,11,1012,75,96,0.0,10,0.3405731681962276,209,Lepomis megalotis,eric_keith,147168,7428931
20170807,44.38300264,-72.67455227,2017-08-07 13:27:00 UTC,0,41,76,80,237,6,1017,54,65,4.9,8,0.9995690817745648,219,Lepomis gibbosus,jseo,484557,7429913
20170807,44.38837548,-72.63583831,2017-08-07 13:28:00 UTC,0,41,76,80,237,6,1017,54,65,4.9,8,0.9995717559690407,219,Micropterus dolomieu,jseo,484557,7429963
20170807,39.72945502,-89.58669273,2017-08-08 00:18:00 UTC,0,63,75,92,23,10,1016,66,69,4.9,6,0.9992388946606588,220,Micropterus salmoides,jott5,532579,7429992
20170809,39.72947212,-89.58680822,2017-08-09 23:36:00 UTC,0,9,80,74,137,7,1021,59,70,0.0,10,0.9481822091237174,221,Micropterus salmoides,jott5,532579,7429993
20170707,42.49193273,-88.18160176,2017-07-07 15:56:00 UTC,0,11,82,85,230,14,1012,69,80,6.0,10,0.9781391574855536,188,Lepomis macrochirus,psweet,216168,7433186
20170810,42.19545,-84.40033667,2017-08-10 15:16:45 UTC,0,21,80,73,195,9,1019,59,73,0.0,10,0.9135357515115825,222,Micropterus salmoides,cporter,312809,7435997
20170810,33.02363883,-96.73270333,2017-08-10 19:01:42 UTC,0,35,98,63,178,8,1017,72,93,0.4,10,0.9039965323930206,222,Lepomis megalotis,amiacalva,369934,7437526
20170810,38.83948667,-78.33026167,2017-08-10 15:39:08 UTC,0,28,84,67,156,5,1022,57,73,0.1,10,0.9126078738767387,222,Lepomis auritus,kylefitzroy,165609,7445381
20160707,38.5144163,-90.64310052,2016-07-07 16:01:25 UTC,0,40,94,74,235,13,1009,73,91,4.5,8,0.12079755922991497,189,Lepomis macrochirus,sonoranaturalist,306074,7449046
20160707,38.44424889,-90.66233162,2016-07-07 16:08:46 UTC,0,40,94,74,235,13,1009,73,91,4.5,8,0.12114660195152926,189,Lepomis megalotis,sonoranaturalist,306074,7449065
20170802,41.2409395,-81.5486728,2017-08-02 14:01:00 UTC,0,13,84,71,219,8,1017,63,77,9.2,9,0.7686976889346508,214,Micropterus dolomieu,cvnp_wildlife,23029,7450384
20150210,32.81476443,-96.72446698,2015-02-10 18:22:00 UTC,0,2,71,71,159,19,1017,49,60,0.0,10,0.6396558481780117,41,Micropterus salmoides,kalamurphyking,350225,7452338
20170811,30.05888889,-99.47055556,2017-08-11 15:28:00 UTC,0,11,93,69,178,17,1016,70,86,0.0,10,0.8439171844836939,223,Lepomis auritus,w_mcdaniel,53290,7452568
20170811,30.05833333,-99.47083333,2017-08-11 14:52:00 UTC,0,11,93,69,178,17,1016,70,86,0.0,10,0.8458676644309022,223,Lepomis macrochirus,w_mcdaniel,53290,7452611
20170728,43.0279025,-90.1101889,2017-07-28 17:00:00 UTC,0,22,77,80,41,12,1017,61,70,0.0,10,0.31456306240455123,209,Lepomis gibbosus,redwngblkbrd,568900,7454611
20170811,42.43353762,-83.98732424,2017-08-11 18:09:00 UTC,0,26,77,84,250,15,1014,62,69,8.2,9,0.8350623152214046,223,Lepomis peltastes,koinpro,284003,7454822
20170811,37.59764033,-87.0108192,2017-08-12 02:28:06 UTC,0,9,89,76,231,6,1016,67,81,5.8,9,0.8062797959971436,224,Micropterus salmoides,scott138,573068,7455642
20170811,37.59746049,-87.01064989,2017-08-12 02:37:01 UTC,0,9,89,76,231,6,1016,67,81,5.8,9,0.8057477806942684,224,Lepomis macrochirus,scott138,573068,7455682
20170810,38.86377,-78.30587,2017-08-10 19:01:05 UTC,0,28,84,67,156,5,1022,57,73,0.1,10,0.9040233300842454,222,Lepomis auritus,kylefitzroy,165609,7458743
20170807,44.40709667,-83.85643833,2017-08-07 22:47:31 UTC,0,31,77,71,339,8,1017,53,67,0.7,8,0.9995346464625077,219,Micropterus salmoides,henicorhina,19563,7458878
20170811,38.60355503,-92.30170283,2017-08-11 21:21:44 UTC,0,20,84,80,237,9,1017,67,78,2.8,8,0.8241829066928067,223,Lepomis macrochirus,amlambert11,183583,7459014
20170808,44.40716667,-83.85653,2017-08-09 00:30:40 UTC,0,4,83,64,284,9,1018,53,70,0.0,10,0.9832551299995153,221,Micropterus salmoides,henicorhina,19563,7459034
20170526,38.59344952,-92.30831385,2017-05-27 00:45:50 UTC,0,57,77,73,232,9,1006,61,70,2.0,9,0.02453464011238382,147,Lepomis microlophus,amlambert11,183583,7459145
20170526,38.59336704,-92.30805109,2017-05-27 00:46:15 UTC,0,57,77,73,232,9,1006,61,70,2.0,9,0.024545312161191435,147,Lepomis microlophus,amlambert11,183583,7459146
20170526,38.59341426,-92.30825571,2017-05-27 00:00:55 UTC,0,57,77,73,232,9,1006,61,70,2.0,9,0.02339839350298628,147,Lepomis microlophus,amlambert11,183583,7459147
20170526,38.5933893,-92.30821825,2017-05-26 23:38:05 UTC,0,57,77,73,232,9,1006,61,70,2.0,9,0.022831593569693165,146,Micropterus salmoides,amlambert11,183583,7459149
20170526,38.59340296,-92.30832595,2017-05-26 23:44:03 UTC,0,57,77,73,232,9,1006,61,70,2.0,9,0.022979001805667476,146,Lepomis macrochirus,amlambert11,183583,7459150
20170526,38.5934466,-92.30814116,2017-05-27 00:12:05 UTC,0,57,77,73,232,9,1006,61,70,2.0,9,0.023678243163282153,147,Lepomis macrochirus,amlambert11,183583,7459151
20170812,30.017818,-99.141253,2017-08-12 15:21:00 UTC,0,6,95,62,180,15,1013,68,88,0.0,10,0.7579836960403175,224,Lepomis auritus,w_mcdaniel,53290,7461737
20170812,30.04,-99.13916667,2017-08-12 16:29:00 UTC,0,6,95,62,180,15,1013,68,88,0.0,10,0.753532910093649,224,Lepomis macrochirus,w_mcdaniel,53290,7461901
20170812,30.017759,-99.141329,2017-08-12 16:33:00 UTC,0,6,95,62,180,15,1013,68,88,0.0,10,0.7532701341096,224,Lepomis macrochirus,w_mcdaniel,53290,7461925
20170812,30.017769,-99.141342,2017-08-12 16:35:00 UTC,0,6,95,62,180,15,1013,68,88,0.0,10,0.7531387060993446,224,Lepomis macrochirus,w_mcdaniel,53290,7461959
20170812,32.87235333,-97.27587833,2017-08-12 17:35:20 UTC,0,37,99,62,98,10,1014,73,97,6.2,10,0.7491614737964055,224,Lepomis megalotis,walkingstick2,448026,7465047
20150210,32.81474339,-96.72447342,2015-02-10 18:25:00 UTC,0,2,71,71,159,19,1017,49,60,0.0,10,0.6394600027599341,41,Micropterus salmoides,kalamurphyking,350225,7465213
20170812,30.017816,-99.141315,2017-08-13 01:26:00 UTC,0,6,95,62,180,15,1013,68,88,0.0,10,0.7173346642153868,225,Lepomis cyanellus,w_mcdaniel,53290,7469939
20170812,30.017817,-99.14127,2017-08-13 01:45:00 UTC,0,6,95,62,180,15,1013,68,88,0.0,10,0.7160212646211848,225,Lepomis microlophus,w_mcdaniel,53290,7470005
20170802,39.34835797,-82.03506758,2017-08-02 21:00:11 UTC,0,38,89,72,212,5,1018,63,78,4.1,9,0.7915086367418209,214,Lepomis cyanellus,jingtongli,577752,7471210
20170812,30.22538481,-97.60035038,2017-08-12 14:10:00 UTC,0,6,100,56,189,13,1014,70,95,0.1,10,0.7625974657440584,224,Micropterus salmoides,wjneely,172852,7479475
20170813,43.742459,-73.78488704,2017-08-14 00:25:26 UTC,0,44,76,71,308,12,1013,56,69,0.2,9,0.6170725279217033,226,Ambloplites rupestris,brook,13710,7485012
20170812,41.00498188,-83.55467319,2017-08-12 17:20:00 UTC,0,33,75,86,316,12,1015,61,66,0.8,7,0.7501745460538101,224,Lepomis peltastes,srmyers,80545,7485335
20170711,41.926055,-86.395675,2017-07-11 15:09:05 UTC,0,22,85,87,299,8,1012,72,81,2.3,8,0.94262096384067,192,Micropterus salmoides,nolankeyes,579073,7485338
20170813,32.68479813,-80.34538329,2017-08-13 13:29:00 UTC,0,23,95,78,190,11,1013,76,94,0.9,10,0.6659384450628927,225,Micropterus salmoides,toxmace,341557,7486401
20170813,30.13763383,-97.75017917,2017-08-13 15:44:00 UTC,0,0,101,60,193,17,1011,70,93,0.0,9,0.6560437814166905,225,Micropterus treculii,aaronramon,62176,7492443
20170813,30.10459827,-97.62931581,2017-08-13 16:29:00 UTC,0,4,102,58,195,17,1011,69,94,0.0,10,0.652726661359347,225,Micropterus treculii,aaronramon,62176,7492479
20130523,30.27707947,-98.41301948,2013-05-23 07:44:00 UTC,0,44,94,73,161,21,1013,67,81,0.1,10,0.9506992630574109,143,Lepomis cyanellus,billarbon,542677,7499660
20170815,36.0780809,-79.0088247,2017-08-15 14:10:30 UTC,0,72,87,88,237,4,1012,76,88,11.1,6,0.4394530617400612,227,Lepomis auritus,taytonalvis,580546,7505627
20170815,30.01916667,-99.13444444,2017-08-15 16:44:00 UTC,0,36,95,67,176,22,1010,68,86,0.0,10,0.4272821545705842,227,Lepomis macrochirus,w_mcdaniel,53290,7508424
20170815,32.58739667,-97.10223333,2017-08-15 15:21:57 UTC,0,21,99,61,189,17,1009,70,92,0.1,10,0.4337852065518759,227,Micropterus salmoides,cindylcobb5,50078,7508990
20170722,40.19889828,-74.36017043,2017-07-22 17:00:00 UTC,0,37,97,70,122,7,1011,73,94,21.0,9,0.00778785888331196,203,Enneacanthus obesus,pmk00001,204678,7517745
20170722,40.19304513,-74.27373037,2017-07-22 17:19:00 UTC,0,35,94,70,122,10,1011,72,92,25.6,9,0.007513870755403829,203,Acantharchus pomotis,pmk00001,204678,7517746
20170722,39.85237057,-74.22828402,2017-07-22 10:29:00 UTC,0,33,92,72,113,9,1010,74,92,15.0,9,0.014557106936172515,203,Enneacanthus gloriosus,pmk00001,204678,7517747
20170716,38.7200835,-77.21202675,2017-07-16 15:31:00 UTC,0,11,98,62,257,6,1015,65,86,0.0,10,0.5197753989381714,197,Lepomis auritus,pmk00001,204678,7517895
20170623,44.39662735,-83.97176743,2017-06-24 06:30:00 UTC,0,43,74,68,309,10,1002,57,70,6.2,8,0.0015887630127078278,175,Lepomis gibbosus,jokurtz,267179,7521641
20170623,44.39662735,-83.97176743,2017-06-24 06:04:00 UTC,0,43,74,68,309,10,1002,57,70,6.2,8,0.0015088400517568878,175,Ambloplites rupestris,jokurtz,267179,7521643
20170623,44.39662735,-83.97176743,2017-06-24 05:10:00 UTC,0,43,74,68,309,10,1002,57,70,6.2,8,0.0013748053811242222,175,Lepomis gibbosus,jokurtz,267179,7521646
20170802,43.6930329,-73.21886229,2017-08-02 18:02:00 UTC,0,7,91,62,224,6,1017,59,79,0.2,10,0.7819141638934124,214,Lepomis macrochirus,sallen,12736,7527172
20150603,30.27501195,-98.41282904,2015-06-03 16:40:00 UTC,0,3,87,69,176,17,1012,65,79,0.0,10,0.9860064609849662,154,Lepomis cyanellus,billarbon,542677,7527452
20170810,44.86562399,-85.99613935,2017-08-10 15:05:37 UTC,0,47,80,66,214,15,1016,57,71,5.6,9,0.9139955098583754,222,Micropterus dolomieu,chadlego,584169,7527906
20170807,45.17001152,-85.59880614,2017-08-07 21:35:00 UTC,0,9,66,74,218,12,1017,51,60,0.0,10,0.9997131314984402,219,Lepomis gibbosus,skrentnyjeff,257635,7528412
20170625,39.31800989,-84.23786646,2017-06-25 21:59:17 UTC,0,2,74,61,273,10,1018,51,67,0.5,10,0.049092771758079745,176,Pomoxis annularis,kevinwilburn,583620,7530204
20170817,45.23829651,-88.02394867,2017-08-17 13:18:08 UTC,0,86,78,91,170,14,1003,67,71,33.4,9,0.2263139937684882,229,Micropterus dolomieu,bogdraw,583717,7530265
20170815,46.24061667,-93.886545,2017-08-15 23:09:08 UTC,0,84,78,84,174,6,1014,59,66,0.3,6,0.39687355006630864,227,Pomoxis nigromaculatus,jadynmercedes,308759,7530376
20170815,39.67775249,-89.66531305,2017-08-15 23:25:00 UTC,0,51,89,82,208,6,1012,68,78,0.3,6,0.3956260023939949,227,Micropterus salmoides,jott5,532579,7531859
20170815,39.67768169,-89.66527558,2017-08-15 23:27:00 UTC,0,51,89,82,208,6,1012,68,78,0.3,6,0.3954687830931597,227,Pomoxis annularis,jott5,532579,7531860
20170816,39.72947375,-89.58711521,2017-08-16 23:53:00 UTC,0,29,85,86,164,14,1013,70,79,2.7,9,0.28349408747454763,228,Micropterus salmoides,jott5,532579,7531861
20170812,45.95333333,-89.59666667,2017-08-12 16:22:00 UTC,0,4,77,56,336,8,1018,45,62,0.0,10,0.7539925111091514,224,Lepomis gibbosus,leightonreid,265174,7537778
20170812,45.95333333,-89.59666667,2017-08-12 15:41:00 UTC,0,4,77,56,336,8,1018,45,62,0.0,10,0.7566778690229151,224,Pomoxis nigromaculatus,leightonreid,265174,7537866
20170812,45.95333333,-89.59694444,2017-08-12 15:39:00 UTC,0,4,77,56,336,8,1018,45,62,0.0,10,0.7568085731867076,224,Lepomis macrochirus,leightonreid,265174,7537939
20170812,45.95333333,-89.59666667,2017-08-12 15:33:00 UTC,0,4,77,56,336,8,1018,45,62,0.0,10,0.7572005237679325,224,Pomoxis nigromaculatus,leightonreid,265174,7537956
20170812,45.95333333,-89.59694444,2017-08-12 15:27:00 UTC,0,4,77,56,336,8,1018,45,62,0.0,10,0.7575922315079017,224,Pomoxis nigromaculatus,leightonreid,265174,7538007
20170812,45.95333333,-89.59694444,2017-08-12 15:23:00 UTC,0,4,77,56,336,8,1018,45,62,0.0,10,0.7578532348982954,224,Pomoxis nigromaculatus,leightonreid,265174,7538013
20170817,36.08425199,-79.06209254,2017-08-17 17:34:05 UTC,0,36,89,80,192,9,1016,74,88,6.9,9,0.2090283671716358,229,Micropterus salmoides,taytonalvis,580546,7538770
20170816,36.08244325,-79.06250073,2017-08-16 21:22:56 UTC,0,38,93,78,29,6,1016,72,87,0.1,6,0.29455980621425965,228,Lepomis auritus,taytonalvis,580546,7538795
20170817,36.08230611,-79.06313167,2017-08-17 18:52:56 UTC,0,36,89,80,192,9,1016,74,88,6.9,9,0.20380052573453805,229,Micropterus salmoides,taytonalvis,580546,7538800
20170817,36.08383232,-79.06185398,2017-08-17 15:42:23 UTC,0,36,89,80,192,9,1016,74,88,6.9,9,0.21651371690446913,229,Lepomis auritus,taytonalvis,580546,7538857
20170818,45.56127167,-89.63922167,2017-08-18 20:21:52 UTC,0,59,75,78,303,17,1009,58,67,0.3,9,0.11299930662681235,230,Lepomis gibbosus,gonefroggin,122251,7548800
20170718,43.72212332,-71.44446636,2017-07-18 15:55:00 UTC,0,53,87,83,215,3,1018,64,77,1.6,8,0.29573036355102134,199,Lepomis gibbosus,yasingi,8956,7549205
20170818,42.43359602,-83.9872317,2017-08-18 17:27:00 UTC,0,31,81,77,264,21,1008,63,75,0.0,10,0.12226131392887402,230,Micropterus salmoides,koinpro,284003,7550359
20170807,44.89822009,-85.98249954,2017-08-07 23:20:24 UTC,0,14,72,66,115,10,1017,50,63,0.0,10,0.9994365552327714,219,Micropterus dolomieu,chadlego,584169,7555824
20170817,30.47989381,-95.5943799,2017-08-17 23:32:00 UTC,0,18,99,67,202,14,1015,75,97,0.0,10,0.18568724492286892,229,Lepomis microlophus,eric_keith,147168,7566264
20170820,41.0551492,-83.76028061,2017-08-20 11:25:00 UTC,0,24,87,79,185,8,1018,65,75,0.2,9,0.022552055208726718,232,Micropterus dolomieu,ccarrollc1,571552,7569948
20170820,41.05511684,-83.76032352,2017-08-20 11:32:00 UTC,0,24,87,79,185,8,1018,65,75,0.2,9,0.02238301268964077,232,Ambloplites rupestris,ccarrollc1,571552,7569949
20170808,41.40907,-81.7539,2017-08-08 14:20:00 UTC,0,0,76,61,328,13,1019,55,71,0.1,10,0.9925651265493849,220,Lepomis macrochirus,tortuga_rapido,10162,7570014
20170808,41.40907,-81.7539,2017-08-08 14:26:00 UTC,0,0,76,61,328,13,1019,55,71,0.1,10,0.9924919962162637,220,Lepomis cyanellus,tortuga_rapido,10162,7570219
20170808,41.40907,-81.7539,2017-08-08 14:33:00 UTC,0,0,76,61,328,13,1019,55,71,0.1,10,0.9924062181039064,220,Micropterus salmoides,tortuga_rapido,10162,7570478
20170808,41.39003,-81.771,2017-08-08 16:27:00 UTC,0,0,76,61,328,13,1019,55,71,0.1,10,0.990939594203923,220,Lepomis cyanellus,tortuga_rapido,10162,7571509
20170808,41.39003,-81.771,2017-08-08 16:29:00 UTC,0,0,76,61,328,13,1019,55,71,0.1,10,0.9909126917905511,220,Lepomis macrochirus,tortuga_rapido,10162,7571567
20170809,41.31547,-81.60215,2017-08-09 14:46:00 UTC,0,6,82,64,271,8,1022,59,73,0.6,10,0.9638753621549015,221,Lepomis macrochirus,tortuga_rapido,10162,7572291
20170809,41.31547,-81.60215,2017-08-09 14:47:00 UTC,0,6,82,64,271,8,1022,59,73,0.6,10,0.9638483923019945,221,Lepomis cyanellus,tortuga_rapido,10162,7572313
20170818,45.56543333,-89.63916667,2017-08-18 18:43:39 UTC,0,59,75,78,303,17,1009,58,67,0.3,9,0.11816263492647894,230,Micropterus salmoides,gonefroggin,122251,7575371
20170818,45.56546333,-89.63902167,2017-08-18 18:52:48 UTC,0,59,75,78,303,17,1009,58,67,0.3,9,0.11767739030630625,230,Ambloplites rupestris,gonefroggin,122251,7575380
20170820,43.251133,-88.822705,2017-08-20 17:48:00 UTC,0,48,83,84,210,11,1016,65,73,0.1,7,0.014233631756369602,232,Lepomis cyanellus,aaroncarlson,31792,7576238
20170820,43.228289,-88.873305,2017-08-20 18:47:00 UTC,0,72,83,85,207,11,1016,64,72,0.2,6,0.013121330672149045,232,Micropterus salmoides,aaroncarlson,31792,7577136
20170820,36.39717668,-85.17430466,2017-08-20 21:37:44 UTC,0,4,90,76,241,4,1018,69,82,0.0,8,0.010157903529156576,232,Lepomis macrochirus,cypseloides,6097,7578450
20170820,36.3969647,-85.17421388,2017-08-20 22:05:43 UTC,0,4,90,76,241,4,1018,69,82,0.0,8,0.00970843101378932,232,Lepomis macrochirus,cypseloides,6097,7578527
20170821,30.46088,-97.76184167,2017-08-21 16:35:29 UTC,0,16,98,61,166,14,1016,69,90,0.0,10,0.0001034033104442833,233,Micropterus salmoides,neotomastolemykeys,102175,7595428
20170821,30.591704,-96.335152,2017-08-21 14:56:00 UTC,0,18,100,65,146,13,1016,71,93,0.0,9,0.0003132862217446464,233,Lepomis macrochirus,w_mcdaniel,53290,7599753
20170821,30.591647,-96.335116,2017-08-21 14:58:00 UTC,0,18,100,65,146,13,1016,71,93,0.0,9,0.00030781397253376586,233,Lepomis gulosus,w_mcdaniel,53290,7599754
20170821,30.591806,-96.335236,2017-08-21 23:29:00 UTC,0,18,100,65,146,13,1016,71,93,0.0,9,0.000585197009496663,233,Lepomis gulosus,w_mcdaniel,53290,7599759
20170821,30.591699,-96.335167,2017-08-21 23:30:00 UTC,0,18,100,65,146,13,1016,71,93,0.0,9,0.000588988349990327,233,Lepomis macrochirus,w_mcdaniel,53290,7599760
20170809,41.30644,-81.5863,2017-08-09 17:01:00 UTC,0,13,83,65,247,6,1022,58,75,1.0,10,0.9601438537049214,221,Micropterus salmoides,tortuga_rapido,10162,7602934
20170809,41.30644,-81.5863,2017-08-09 17:10:00 UTC,0,13,83,65,247,6,1022,58,75,1.0,10,0.959888604462599,221,Lepomis cyanellus,tortuga_rapido,10162,7603033
20170809,41.30644,-81.5863,2017-08-09 17:11:00 UTC,0,13,83,65,247,6,1022,58,75,1.0,10,0.9598601934804143,221,Lepomis gulosus,tortuga_rapido,10162,7603049
20170809,41.30644,-81.5863,2017-08-09 17:17:00 UTC,0,13,83,65,247,6,1022,58,75,1.0,10,0.9596895177943514,221,Lepomis macrochirus,tortuga_rapido,10162,7603142
20170802,30.5287167,-85.41860389,2017-08-03 00:33:28 UTC,0,18,94,67,74,9,1016,67,85,0.8,10,0.8027880725429566,215,Micropterus salmoides,nursoph,307920,7603215
20170821,41.60548833,-82.69110833,2017-08-21 18:12:08 UTC,0,42,91,87,185,9,1018,71,81,8.7,9,2.102516758867301e-05,233,Lepomis macrochirus,evanharms,582663,7603846
20170810,41.43355,-81.84297,2017-08-10 15:09:00 UTC,0,18,82,69,275,9,1020,61,73,0.4,10,0.9138559167677502,222,Micropterus dolomieu,tortuga_rapido,10162,7605024
20170810,41.43355,-81.84297,2017-08-10 15:10:00 UTC,0,18,82,69,275,9,1020,61,73,0.4,10,0.9138146370169686,222,Ambloplites rupestris,tortuga_rapido,10162,7605073
20170810,41.43355,-81.84297,2017-08-10 15:15:00 UTC,0,18,82,69,275,9,1020,61,73,0.4,10,0.9136080965017574,222,Lepomis macrochirus,tortuga_rapido,10162,7605252
20170810,41.43355,-81.84297,2017-08-10 15:16:00 UTC,0,18,82,69,275,9,1020,61,73,0.4,10,0.9135667600504256,222,Lepomis cyanellus,tortuga_rapido,10162,7605304
20170820,30.29216297,-98.33863703,2017-08-20 16:34:31 UTC,0,13,97,60,173,15,1014,66,87,0.0,9,0.01568225857938882,232,Lepomis megalotis,pedernaturalist,85119,7607674
20170815,41.38462,-81.48263,2017-08-15 14:50:00 UTC,0,28,83,77,282,6,1013,66,76,0.0,10,0.4363191624642242,227,Lepomis cyanellus,tortuga_rapido,10162,7607793
20170815,41.38462,-81.48263,2017-08-15 14:51:00 UTC,0,28,83,77,282,6,1013,66,76,0.0,10,0.43623983933504235,227,Lepomis gibbosus,tortuga_rapido,10162,7607811
20170815,41.38462,-81.48263,2017-08-15 14:52:00 UTC,0,28,83,77,282,6,1013,66,76,0.0,10,0.43616051703057634,227,Lepomis macrochirus,tortuga_rapido,10162,7607830
20170815,41.38462,-81.48263,2017-08-15 14:54:00 UTC,0,28,83,77,282,6,1013,66,76,0.0,10,0.4360018749029233,227,Micropterus salmoides,tortuga_rapido,10162,7607841
20170818,41.40747,-81.39982,2017-08-18 14:44:00 UTC,0,55,84,77,240,16,1009,66,76,0.1,9,0.13117522755286243,230,Lepomis cyanellus,tortuga_rapido,10162,7608361
20170818,41.40747,-81.39982,2017-08-18 14:47:00 UTC,0,55,84,77,240,16,1009,66,76,0.1,9,0.13100876791342386,230,Lepomis gibbosus,tortuga_rapido,10162,7608584
20170818,41.40747,-81.39982,2017-08-18 14:49:00 UTC,0,55,84,77,240,16,1009,66,76,0.1,9,0.13089784437402535,230,Lepomis macrochirus,tortuga_rapido,10162,7608600
20170822,30.598633,-96.311008,2017-08-22 23:31:00 UTC,0,21,102,62,171,8,1016,70,92,0.0,9,0.018724223694332576,234,Lepomis cyanellus,w_mcdaniel,53290,7610334
20170820,36.39674667,-85.17433833,2017-08-20 22:54:58 UTC,0,4,90,76,241,4,1018,69,82,0.0,8,0.008942174033402805,232,Micropterus salmoides,leptonia,5179,7611015
20170820,36.39735833,-85.17455333,2017-08-20 22:44:15 UTC,0,4,90,76,241,4,1018,69,82,0.0,8,0.009106216305808601,232,Lepomis macrochirus,leptonia,5179,7611021
20170820,36.39684667,-85.17441667,2017-08-20 22:43:27 UTC,0,4,90,76,241,4,1018,69,82,0.0,8,0.009118522160867615,232,Lepomis gulosus,leptonia,5179,7611023
20170818,41.40747,-81.39982,2017-08-18 15:05:00 UTC,0,55,84,77,240,16,1009,66,76,0.1,9,0.13001188487700926,230,Micropterus salmoides,tortuga_rapido,10162,7611788
20170820,36.39707065,-85.17469844,2017-08-20 21:23:51 UTC,0,4,90,76,241,4,1018,69,82,0.0,8,0.010384689194555874,232,Lepomis macrochirus,serpophaga,173183,7614804
20170823,36.05772218,-78.9786356,2017-08-23 11:45:16 UTC,0,30,95,74,271,8,1011,72,87,6.3,10,0.03712215743495789,235,Lepomis auritus,taytonalvis,580546,7615595
20170818,46.09173285,-95.37834589,2017-08-19 00:01:54 UTC,0,46,75,86,297,9,1012,60,67,0.3,7,0.10180040822425862,231,Micropterus salmoides,angelaones,600301,7621488
20170823,36.06208244,-78.97398985,2017-08-23 13:13:47 UTC,0,33,96,74,262,8,1011,73,90,7.9,10,0.039725062097271724,235,Lepomis auritus,taytonalvis,580546,7624619
20170823,36.05645282,-78.98185656,2017-08-23 14:13:16 UTC,0,30,95,74,271,8,1011,72,87,6.3,10,0.041519031036096,235,Micropterus salmoides,taytonalvis,580546,7624621
20170823,36.05643521,-78.98184009,2017-08-23 17:07:07 UTC,0,30,95,74,271,8,1011,72,87,6.3,10,0.046965679462360355,235,Micropterus salmoides,taytonalvis,580546,7624623
20170823,41.0512657,-83.76482964,2017-08-23 22:00:00 UTC,0,23,77,73,290,13,1015,54,67,0.0,8,0.056810344962386905,235,Micropterus salmoides,ccarrollc1,571552,7625415
20170820,36.3969684,-85.1737505,2017-08-20 21:06:00 UTC,0,4,90,76,241,4,1018,69,82,0.0,8,0.010679963104653356,232,Lepomis macrochirus,leftcoastnaturalist,9572,7632804
20170820,36.3969684,-85.1737505,2017-08-20 21:06:00 UTC,0,4,90,76,241,4,1018,69,82,0.0,8,0.010679963104653356,232,Lepomis gulosus,leftcoastnaturalist,9572,7632805
20170820,36.3969684,-85.1737505,2017-08-20 21:06:00 UTC,0,4,90,76,241,4,1018,69,82,0.0,8,0.010679963104653356,232,Lepomis macrochirus,leftcoastnaturalist,9572,7632806
20170820,36.3969684,-85.1737505,2017-08-20 21:55:00 UTC,0,4,90,76,241,4,1018,69,82,0.0,8,0.009879357249337195,232,Micropterus salmoides,leftcoastnaturalist,9572,7632811
20170818,41.43106,-81.41817,2017-08-18 17:31:00 UTC,0,55,84,77,240,16,1009,66,76,0.1,9,0.12204593796335428,230,Ambloplites rupestris,tortuga_rapido,10162,7639164
20160618,40.06331838,-75.09854693,2016-06-18 15:31:58 UTC,0,5,81,43,174,8,1023,49,73,0.0,10,0.9663583836865278,170,Lepomis auritus,robizzy_ttf,589899,7639514
20170824,40.29472351,-75.4565506,2017-08-24 21:57:01 UTC,0,4,79,71,315,8,1014,57,71,0.0,10,0.11611367020672608,236,Lepomis auritus,laurelhusk,105909,7639865
20170824,40.29432155,-75.45652863,2017-08-25 02:00:38 UTC,0,4,79,71,315,8,1014,57,71,0.0,10,0.12777572758494665,237,Lepomis auritus,laurelhusk,105909,7639891
20170818,41.43106,-81.41817,2017-08-18 17:54:00 UTC,0,55,84,77,240,16,1009,66,76,0.1,9,0.12081069185306359,230,Lepomis gibbosus,tortuga_rapido,10162,7640049
20170822,46.55517666,-85.03151452,2017-08-22 17:26:18 UTC,0,69,70,90,294,20,1005,60,63,7.7,10,0.011805041890332879,234,Ambloplites rupestris,danrabosky,440316,7640050
20170818,41.43106,-81.41817,2017-08-18 18:01:00 UTC,0,55,84,77,240,16,1009,66,76,0.1,9,0.12043581986526453,230,Lepomis cyanellus,tortuga_rapido,10162,7640211
20170824,41.72424667,-80.1496805,2017-08-25 02:10:23 UTC,0,74,67,83,324,8,1017,52,57,0.2,5,0.12825110716083576,237,Ambloplites rupestris,djm,220315,7643585
20170824,30.08382797,-97.82846832,2017-08-24 21:03:11 UTC,0,60,92,76,178,6,1011,73,89,7.0,10,0.11359390952281684,236,Lepomis macrochirus,aaronramon,62176,7644363
20170726,31.46808,-99.16106,2017-07-26 17:57:00 UTC,0,17,102,50,188,21,1015,66,93,0.4,10,0.14226762204349702,207,Pomoxis annularis,fishesoftexas,10601,7645976
20170726,31.46808,-99.16106,2017-07-26 18:01:00 UTC,0,17,102,50,188,21,1015,66,93,0.4,10,0.1424815867519031,207,Lepomis humilis,fishesoftexas,10601,7645988
20170726,31.46808,-99.16106,2017-07-26 18:02:00 UTC,0,17,102,50,188,21,1015,66,93,0.4,10,0.14253509560735683,207,Lepomis macrochirus,fishesoftexas,10601,7645992
20170726,31.51760561,-98.74075055,2017-07-26 21:01:00 UTC,0,6,97,59,190,21,1016,69,91,5.5,10,0.1522252191453895,207,Lepomis humilis,fishesoftexas,10601,7646074
20170727,31.05679425,-98.47950339,2017-07-27 16:39:00 UTC,0,0,99,53,195,18,1014,67,92,0.0,10,0.22087595130213028,208,Pomoxis annularis,fishesoftexas,10601,7646211
20170727,31.05679425,-98.47950339,2017-07-27 16:44:00 UTC,0,0,99,53,195,18,1014,67,92,0.0,10,0.22118292752779833,208,Lepomis macrochirus,fishesoftexas,10601,7646214
20170727,31.11076,-98.4571,2017-07-27 19:53:00 UTC,0,0,100,53,202,19,1014,67,92,0.0,10,0.23286830483490223,208,Lepomis humilis,fishesoftexas,10601,7646414
20170727,31.11076,-98.4571,2017-07-27 19:54:00 UTC,0,0,100,53,202,19,1014,67,92,0.0,10,0.2329305447809617,208,Lepomis megalotis,fishesoftexas,10601,7646416
20170727,31.11076,-98.4571,2017-07-27 21:20:00 UTC,0,0,100,53,202,19,1014,67,92,0.0,10,0.23829883573608424,208,Lepomis macrochirus,fishesoftexas,10601,7646422
20170727,31.11076,-98.4571,2017-07-27 21:22:00 UTC,0,0,100,53,202,19,1014,67,92,0.0,10,0.23842404351607033,208,Micropterus salmoides,fishesoftexas,10601,7646426
20170727,31.11076,-98.4571,2017-07-27 21:23:00 UTC,0,0,100,53,202,19,1014,67,92,0.0,10,0.238486653531909,208,Lepomis cyanellus,fishesoftexas,10601,7646427
20170728,31.25339,-98.59547,2017-07-28 15:53:00 UTC,0,0,101,46,191,16,1012,64,94,0.0,10,0.3101263485249016,209,Lepomis megalotis,fishesoftexas,10601,7646541
20170823,32.68924667,-97.17273,2017-08-23 14:39:34 UTC,0,55,86,69,48,10,1014,71,85,3.3,10,0.04232361157762715,235,Lepomis megalotis,amiacalva,369934,7647804
20170825,40.84685115,-83.55711937,2017-08-25 23:03:00 UTC,0,32,70,75,35,8,1023,52,60,0.1,10,0.19425767776154268,237,Lepomis cyanellus,ccarrollc1,571552,7651479
20170824,32.586682,-97.090912,2017-08-24 18:17:00 UTC,0,66,87,80,102,13,1012,73,85,17.5,9,0.1059505033385264,236,Lepomis megalotis,kimberlietx,127188,7653064
20170826,35.01419167,-79.83581667,2017-08-26 12:39:01 UTC,0,31,90,66,59,12,1019,65,81,0.1,10,0.24166669887200753,238,Lepomis macrochirus,bouten,600336,7657382
20170826,36.06940735,-79.11014607,2017-08-26 21:24:00 UTC,0,43,87,69,61,12,1021,63,76,0.1,10,0.2735802036847066,238,Lepomis gulosus,taytonalvis,580546,7663302
20170826,40.66730712,-81.34523487,2017-08-26 22:11:27 UTC,0,19,76,70,33,8,1025,50,65,0.0,9,0.276510884691333,238,Lepomis cyanellus,gavinnupp,245356,7664185
20170826,32.92669,-97.23943167,2017-08-26 21:25:00 UTC,0,82,80,80,52,14,1016,68,78,0.0,10,0.27364189340422973,238,Lepomis macrochirus,daniel112,284401,7666064
20170824,44.97544473,-85.64364199,2017-08-24 20:36:38 UTC,0,22,66,68,351,15,1020,51,62,0.0,10,0.11235900062128784,236,Micropterus dolomieu,jeaniewilliams,37314,7667497
20170826,40.00916289,-83.02912585,2017-08-27 02:28:23 UTC,0,12,78,64,46,12,1024,51,66,0.0,10,0.29249938483504706,239,Micropterus salmoides,jbperkins5,558642,7667925
20170826,30.66247177,-97.70413208,2017-08-26 19:24:11 UTC,0,100,81,87,45,36,1011,70,78,21.9,9,0.26621226749137056,238,Micropterus salmoides,aaronramon,62176,7668166
20170826,30.66192055,-97.70333099,2017-08-26 18:52:12 UTC,0,100,81,87,45,36,1011,70,78,21.9,9,0.2642535486596935,238,Lepomis cyanellus,aaronramon,62176,7668181
20170826,38.80233353,-77.08723242,2017-08-26 10:50:00 UTC,0,19,87,66,57,8,1023,61,77,0.0,10,0.23516741150592113,238,Lepomis auritus,pmk00001,204678,7671391
20170826,38.80233239,-77.08723367,2017-08-26 14:56:00 UTC,0,19,87,66,57,8,1023,61,77,0.0,10,0.24989844724427362,238,Lepomis auritus,pmk00001,204678,7671392
20170826,38.80233222,-77.08722047,2017-08-26 14:36:00 UTC,0,19,87,66,57,8,1023,61,77,0.0,10,0.24869217849947356,238,Lepomis gibbosus,pmk00001,204678,7671393
20160310,30.65617633,-93.21031095,2016-03-11 05:31:08 UTC,0,100,75,92,129,17,1011,68,72,18.7,9,0.06831354383795868,71,Lepomis gulosus,heteromyid,31793,7684328
20170827,36.88806062,-86.37545081,2017-08-28 00:15:28 UTC,0,4,87,74,83,6,1018,61,74,0.0,10,0.3763017360830374,240,Lepomis macrochirus,djcruz25,600511,7689018
20170827,36.88919094,-86.37621129,2017-08-28 00:12:45 UTC,0,4,87,74,83,6,1018,61,74,0.0,10,0.3761243395010422,240,Lepomis megalotis,djcruz25,600511,7689051
20170826,41.38912,-81.69588333,2017-08-26 18:25:39 UTC,0,20,75,64,11,8,1025,53,67,0.0,10,0.2626302115113852,238,Micropterus salmoides,mjwarman,110840,7695418
20170828,39.1746616,-96.5545547,2017-08-28 20:42:00 UTC,0,13,85,70,127,12,1018,58,72,0.1,7,0.4570915572980266,240,Pomoxis annularis,tobler,29712,7702036
20170829,32.54681718,-94.75187556,2017-08-29 20:45:00 UTC,0,98,83,73,50,15,1012,64,77,0.0,11,0.5522827405371477,241,Lepomis macrochirus,cosmiccat,34728,7707036
20170828,42.40297329,-85.40078938,2017-08-28 16:59:00 UTC,0,57,71,82,123,9,1018,57,62,0.6,9,0.4423365113930975,240,Micropterus salmoides,tkoffel,320666,7709392
20170829,40.92643535,-81.51558112,2017-08-29 23:32:34 UTC,0,93,73,70,103,10,1018,57,68,0.3,11,0.563231780778873,241,Lepomis gulosus,mjbfishing,546525,7717185
20170830,30.68328333,-97.64337167,2017-08-30 18:34:47 UTC,0,12,88,65,235,20,1012,63,79,0.0,20,0.6366943140040837,242,Micropterus salmoides,marillionjade24,143755,7718467
20170624,30.24880562,-97.72432082,2017-06-24 12:50:44 UTC,0,52,86,73,115,9,1014,73,88,1.7,8,0.0038997669388009526,175,Lepomis megalotis,kingspring,610605,7725247
20170804,37.191975,-87.33997167,2017-08-04 19:30:21 UTC,0,26,76,84,315,14,1016,62,69,2.6,10,0.9185305992116852,216,Micropterus salmoides,mkjohnson,600491,7725565
20170831,40.74534667,-86.32904667,2017-08-31 17:42:37 UTC,0,36,71,87,57,11,1018,60,65,0.8,17,0.7218586649964815,243,Lepomis cyanellus,jacksonad,608233,7730994
20170519,28.62490833,-80.93254667,2017-05-19 16:44:25 UTC,0,36,87,79,109,15,1018,71,83,0.5,10,0.43281140679113395,139,Pomoxis nigromaculatus,mrbryanames,607566,7740888
20170823,41.55045,-81.41723,2017-08-23 14:44:00 UTC,0,12,75,59,279,14,1013,54,72,0.5,10,0.04245992321976344,235,Lepomis cyanellus,tortuga_rapido,10162,7741089
20170823,41.55045,-81.41723,2017-08-23 14:52:00 UTC,0,12,75,59,279,14,1013,54,72,0.5,10,0.04270639846021618,235,Lepomis macrochirus,tortuga_rapido,10162,7741351
20170105,28.26079195,-80.6843294,2017-01-05 22:30:00 UTC,0,14,76,74,268,14,1013,57,68,0.0,10,0.5153853740150567,5,Lepomis macrochirus,mrbryanames,607566,7741494
20170901,32.88330913,-98.44265085,2017-09-01 20:51:48 UTC,0,5,88,61,139,6,1016,58,78,0.0,10,0.813086873342461,244,Micropterus salmoides,remotebuzzard47,612717,7741710
20170823,41.57174,-81.41981,2017-08-23 17:15:00 UTC,0,12,75,59,279,14,1013,54,72,0.5,10,0.047219766606633184,235,Lepomis gibbosus,tortuga_rapido,10162,7741930
20170823,41.57174,-81.41981,2017-08-23 17:13:00 UTC,0,12,75,59,279,14,1013,54,72,0.5,10,0.04715524689507622,235,Micropterus salmoides,tortuga_rapido,10162,7741931
20170823,41.57174,-81.41981,2017-08-23 17:14:00 UTC,0,12,75,59,279,14,1013,54,72,0.5,10,0.04718750183503129,235,Lepomis cyanellus,tortuga_rapido,10162,7741936
20170823,41.57174,-81.41981,2017-08-23 17:14:00 UTC,0,12,75,59,279,14,1013,54,72,0.5,10,0.04718750183503129,235,Lepomis macrochirus,tortuga_rapido,10162,7741938
20170901,41.28248805,-86.47492799,2017-09-01 23:47:43 UTC,0,77,62,76,73,20,1020,49,55,0.0,10,0.8222141009003759,244,Lepomis gibbosus,mjaberg,599504,7743769
20170901,41.24877238,-86.498146,2017-09-01 23:47:55 UTC,0,77,62,76,73,20,1020,49,55,0.0,10,0.8222243869657091,244,Pomoxis nigromaculatus,mjaberg,599504,7743837
20131010,30.2640915,-97.76756197,2013-10-10 22:26:00 UTC,0,19,86,76,153,11,1015,62,73,0.0,8,0.38512113844934387,283,Lepomis macrochirus,billarbon,542677,7746586
20160517,28.68264221,-81.06263938,2016-05-17 12:38:58 UTC,0,97,85,84,161,12,1019,70,81,8.8,9,0.8376094529739361,138,Lepomis auritus,mrbryanames,607566,7747679
20170902,29.50116333,-99.70931167,2017-09-02 13:18:32 UTC,0,16,97,57,150,12,1016,64,86,0.0,10,0.8621123574712499,245,Lepomis auritus,neotomastolemykeys,102175,7748316
20170902,29.501275,-99.70908333,2017-09-02 13:16:43 UTC,0,16,97,57,150,12,1016,64,86,0.0,10,0.8620271989603425,245,Lepomis auritus,neotomastolemykeys,102175,7748317
20170902,29.50132833,-99.70925833,2017-09-02 13:15:06 UTC,0,16,97,57,150,12,1016,64,86,0.0,10,0.8619513988760664,245,Lepomis auritus,neotomastolemykeys,102175,7748319
20170828,41.54382,-81.41545,2017-08-28 15:00:00 UTC,0,82,81,62,142,19,1019,57,73,0.1,10,0.43446899818898294,240,Lepomis cyanellus,tortuga_rapido,10162,7748505
20170828,41.54382,-81.41545,2017-08-28 15:01:00 UTC,0,82,81,62,142,19,1019,57,73,0.1,10,0.434535087239729,240,Lepomis macrochirus,tortuga_rapido,10162,7748506
20170828,41.54382,-81.41545,2017-08-28 15:02:00 UTC,0,82,81,62,142,19,1019,57,73,0.1,10,0.4346011767430103,240,Micropterus dolomieu,tortuga_rapido,10162,7748507
20170828,41.54382,-81.41545,2017-08-28 15:02:00 UTC,0,82,81,62,142,19,1019,57,73,0.1,10,0.4346011767430103,240,Micropterus salmoides,tortuga_rapido,10162,7748508
20170830,41.47849553,-81.83360159,2017-08-30 15:05:00 UTC,0,14,74,78,308,10,1016,62,71,1.0,18,0.6233855079202117,242,Micropterus dolomieu,tortuga_rapido,10162,7748770
20170830,41.47849553,-81.83360159,2017-08-30 15:05:00 UTC,0,14,74,78,308,10,1016,62,71,1.0,18,0.6233855079202117,242,Micropterus salmoides,tortuga_rapido,10162,7748771
20170830,41.47849553,-81.83360159,2017-08-30 15:09:00 UTC,0,14,74,78,308,10,1016,62,71,1.0,18,0.6236401522499728,242,Lepomis macrochirus,tortuga_rapido,10162,7748775
20170813,41.50350189,-81.71264648,2017-08-13 18:42:29 UTC,0,30,77,70,127,10,1017,60,73,0.0,10,0.6428335590139578,225,Pomoxis nigromaculatus,timothy3,169865,7751578
20170902,41.2808248,-81.567812,2017-09-02 17:47:00 UTC,0,92,61,86,121,14,1017,54,58,4.3,7,0.8744743222203514,245,Lepomis cyanellus,cuihenggang,474164,7755301
20170902,42.45667698,-89.08384021,2017-09-02 16:02:09 UTC,0,71,65,90,224,7,1017,50,53,2.7,10,0.8696995026200773,245,Micropterus dolomieu,jott5,532579,7761457
20170902,42.45742253,-89.08446852,2017-09-02 16:02:09 UTC,0,71,65,90,224,7,1017,50,53,2.7,10,0.8696995026200773,245,Micropterus dolomieu,jott5,532579,7761478
20170902,42.4559146,-89.08303957,2017-09-02 17:36:53 UTC,0,71,65,90,224,7,1017,50,53,2.7,10,0.8740166275309177,245,Micropterus dolomieu,jott5,532579,7761490
20170903,36.86818393,-86.10079498,2017-09-03 11:02:45 UTC,0,30,82,83,232,8,1018,59,66,0.2,10,0.917707682154538,246,Pomoxis nigromaculatus,scrabtree,599865,7762852
20170902,42.89828493,-77.76399168,2017-09-02 21:41:27 UTC,0,75,67,77,140,13,1021,45,53,0.5,10,0.8848974888301955,245,Micropterus salmoides,gms6,610076,7763093
20170903,36.86530474,-86.10363959,2017-09-03 19:44:06 UTC,0,30,82,83,232,8,1018,59,66,0.2,10,0.9365254236173723,246,Lepomis macrochirus,scrabtree,599865,7765798
20170903,32.94575503,-96.66901352,2017-09-03 20:00:01 UTC,0,19,99,56,183,13,1016,68,91,3.3,10,0.9370665170949355,246,Lepomis megalotis,spat,24320,7769881
20170903,42.45016037,-89.06059518,2017-09-04 00:09:25 UTC,0,68,80,87,269,12,1015,58,64,0.2,9,0.9452773000055951,247,Micropterus dolomieu,jott5,532579,7770751
20170903,42.45018486,-89.0609033,2017-09-04 00:55:34 UTC,0,68,80,87,269,12,1015,58,64,0.2,9,0.9467407397915408,247,Pomoxis nigromaculatus,jott5,532579,7770763
20170707,41.30355857,-81.3543883,2017-07-08 00:35:48 UTC,0,35,85,88,247,13,1010,69,77,17.5,6,0.9869141633535968,189,Lepomis macrochirus,jessy43078,605404,7770843
20170903,43.05802356,-89.41365579,2017-09-03 21:23:44 UTC,0,55,80,80,265,13,1014,59,67,0.0,7,0.93987900004211,246,Lepomis macrochirus,jordan89,603225,7771758
20140525,38.766105,-77.30518333,2014-05-25 23:18:11 UTC,0,10,85,66,311,6,1020,56,69,0.0,10,0.08464750200111265,145,Lepomis gibbosus,tobin3,315803,7772519
20170904,30.41790078,-97.63987541,2017-09-04 20:49:00 UTC,0,0,89,67,158,10,1016,67,83,0.0,10,0.978144923239371,247,Micropterus salmoides,jeffmci9,435598,7790478
20170904,30.41782945,-97.63991833,2017-09-04 21:06:00 UTC,0,0,89,67,158,10,1016,67,83,0.0,10,0.9784984198500337,247,Lepomis macrochirus,jeffmci9,435598,7790486
20170904,30.4179748,-97.63987541,2017-09-04 21:10:00 UTC,0,0,89,67,158,10,1016,67,83,0.0,10,0.9785811961931143,247,Lepomis macrochirus,jeffmci9,435598,7790500
20140428,30.277006,-98.4131214,2014-04-28 19:09:00 UTC,0,2,90,21,292,15,1004,32,73,0.0,10,0.0025435456677227464,118,Lepomis cyanellus,billarbon,542677,7798085
20170906,41.40294967,-81.88465476,2017-09-07 00:35:00 UTC,0,23,63,76,311,11,1012,52,60,0.0,10,0.99330345782116,250,Micropterus salmoides,tortuga_rapido,10162,7815319
20170906,41.40294967,-81.88465476,2017-09-07 00:35:00 UTC,0,23,63,76,311,11,1012,52,60,0.0,10,0.99330345782116,250,Lepomis macrochirus,tortuga_rapido,10162,7815320
20170905,36.76344667,-75.98755,2017-09-05 21:20:21 UTC,0,10,84,78,215,21,1013,68,80,35.2,10,0.9981238225040487,248,Micropterus salmoides,jacob89,506826,7816714
20170907,32.872243,-97.275932,2017-09-07 17:40:00 UTC,0,1,88,35,134,10,1019,47,79,0.0,10,0.9749597304499891,250,Lepomis megalotis,walkingstick2,448026,7829184
20170907,32.86614187,-97.27446601,2017-09-07 19:02:00 UTC,0,1,88,35,134,10,1019,47,79,0.0,10,0.9729773223829807,250,Lepomis megalotis,walkingstick2,448026,7829499
20170907,39.73825792,-89.5805575,2017-09-07 22:29:57 UTC,0,19,73,63,266,10,1019,43,59,0.0,10,0.9676097706881627,250,Pomoxis nigromaculatus,jott5,532579,7832504
20170908,42.6287177,-92.25034855,2017-09-08 22:44:17 UTC,0,5,77,76,107,11,1020,51,60,0.0,10,0.9167015553928672,251,Lepomis cyanellus,jeheiple,593014,7838398
20170908,32.88125214,-97.27908075,2017-09-08 19:10:00 UTC,0,0,86,42,144,13,1019,51,78,0.0,10,0.9256382509866659,251,Micropterus salmoides,walkingstick2,448026,7841063
20170908,32.87607868,-97.27687061,2017-09-08 20:02:00 UTC,0,0,86,42,144,13,1019,51,78,0.0,10,0.923513985462699,251,Lepomis megalotis,walkingstick2,448026,7841380
20170519,28.62477833,-80.93372167,2017-05-19 16:34:33 UTC,0,36,87,79,109,15,1018,71,83,0.5,10,0.43352696994114454,139,Micropterus floridanus,mrbryanames,607566,7845958
20161224,28.26062,-80.684355,2016-12-24 21:45:16 UTC,0,8,80,85,119,15,1024,70,78,0.0,9,0.16828901881785258,359,Lepomis macrochirus,mrbryanames,607566,7846245
20161214,28.64939702,-80.91116272,2016-12-14 18:42:01 UTC,0,55,84,81,202,5,1017,65,74,0.1,7,0.9896752181024948,349,Micropterus floridanus,mrbryanames,607566,7846350
20170907,32.87245079,-97.27595329,2017-09-07 19:30:00 UTC,0,1,88,35,134,10,1019,47,79,0.0,10,0.972283001789554,250,Lepomis macrochirus,walkingstick2,448026,7848817
20170909,30.13372259,-97.78939247,2017-09-09 22:33:00 UTC,0,0,82,62,53,13,1019,58,74,0.0,10,0.8453373696795439,252,Micropterus salmoides,jeffmci9,435598,7858378
20170909,30.13278393,-97.78673172,2017-09-09 22:43:00 UTC,0,0,82,62,53,13,1019,58,74,0.0,10,0.8447698443722723,252,Lepomis cyanellus,jeffmci9,435598,7858380
20170909,30.1350851,-97.79316902,2017-09-09 22:53:00 UTC,0,0,82,62,53,13,1019,58,74,0.0,10,0.8442014308223158,252,Micropterus salmoides,jeffmci9,435598,7858382
20170909,30.13204161,-97.78716087,2017-09-09 23:00:00 UTC,0,0,82,62,53,13,1019,58,74,0.0,10,0.8438030135197453,252,Lepomis auritus,jeffmci9,435598,7858383
20170910,30.46377,-97.7691298,2017-09-10 13:16:00 UTC,0,0,83,56,50,14,1019,55,73,0.0,10,0.7919530251683136,253,Lepomis megalotis,skm0308,363857,7862389
20170910,39.73762136,-89.57950272,2017-09-10 19:03:54 UTC,0,0,75,64,105,13,1027,46,61,0.0,10,0.769228890757311,253,Lepomis cyanellus,jott5,532579,7864684
20170909,39.73462749,-89.57850292,2017-09-10 00:10:36 UTC,0,27,80,73,118,12,1025,52,64,0.0,10,0.8397604962181228,253,Lepomis cyanellus,jott5,532579,7864695
20170910,39.73144087,-89.5806735,2017-09-10 16:08:31 UTC,0,0,75,64,105,13,1026,46,61,0.0,10,0.780795917134425,253,Lepomis cyanellus,jott5,532579,7864767
20170910,39.73144628,-89.58066244,2017-09-10 16:11:29 UTC,0,0,75,64,105,13,1026,46,61,0.0,10,0.7806021153921895,253,Micropterus salmoides,jott5,532579,7864792
20170910,39.73150352,-89.5806222,2017-09-10 16:14:33 UTC,0,0,75,64,105,13,1026,46,61,0.0,10,0.7804017129391454,253,Lepomis cyanellus,jott5,532579,7864817
20170910,39.73019006,-89.58282262,2017-09-10 17:59:24 UTC,0,0,75,64,105,13,1026,46,61,0.0,10,0.7735086235640467,253,Lepomis cyanellus,jott5,532579,7864915
20170910,39.73023002,-89.58257083,2017-09-10 18:20:15 UTC,0,0,75,64,105,13,1026,46,61,0.0,10,0.7721284225883047,253,Lepomis macrochirus,jott5,532579,7864930
20170910,43.05767284,-89.40611743,2017-09-10 21:24:52 UTC,0,2,67,75,151,12,1029,46,55,0.0,10,0.7597735189136385,253,Lepomis macrochirus,jordan89,603225,7872754
20170910,30.09467697,-97.82386017,2017-09-10 22:06:07 UTC,0,0,82,61,47,14,1019,58,74,0.0,10,0.7569807365320851,253,Lepomis miniatus,aaronramon,62176,7873833
20170911,31.6235267,-94.64183592,2017-09-11 20:23:35 UTC,0,0,78,55,128,10,1016,54,72,0.0,10,0.6608836788738419,254,Lepomis macrochirus,jonathanpecero,615332,7880985
20170911,31.624245,-94.64501167,2017-09-11 19:34:16 UTC,0,0,78,55,128,10,1016,54,72,0.0,10,0.6645924705357905,254,Lepomis macrochirus,martinmk1,606459,7885015
20170911,30.65954399,-97.70163727,2017-09-12 00:40:16 UTC,0,1,83,54,19,13,1017,52,72,0.0,10,0.6414153272028693,255,Lepomis gulosus,aaronramon,62176,7889258
20170910,30.09607506,-97.82240295,2017-09-10 22:32:27 UTC,0,0,82,61,47,14,1019,58,74,0.0,10,0.7551918335968139,253,Lepomis megalotis,aaronramon,62176,7889266
20170911,30.65945435,-97.70139313,2017-09-12 00:50:56 UTC,0,1,83,54,19,13,1017,52,72,0.0,10,0.6406006167692154,255,Lepomis auritus,aaronramon,62176,7889290
20170911,30.65971756,-97.7016449,2017-09-12 00:33:24 UTC,0,1,83,54,19,13,1017,52,72,0.0,10,0.6419395668296247,255,Micropterus salmoides,aaronramon,62176,7889296
20170912,30.09166953,-97.83017244,2017-09-12 12:00:42 UTC,0,18,88,52,333,7,1012,56,77,0.0,10,0.5886778288376364,255,Micropterus salmoides,aaronramon,62176,7889300
20170910,30.09302521,-97.81861115,2017-09-10 22:28:02 UTC,0,0,82,61,47,14,1019,58,74,0.0,10,0.7554921977004507,253,Lepomis auritus,aaronramon,62176,7889309
20170910,30.10130119,-97.81214905,2017-09-10 21:45:27 UTC,0,0,82,61,47,14,1019,58,74,0.0,10,0.7583813970079972,253,Lepomis macrochirus,aaronramon,62176,7889346
20170910,30.09378624,-97.82396698,2017-09-10 21:31:35 UTC,0,0,82,61,47,14,1019,58,74,0.0,10,0.7593195655808698,253,Micropterus salmoides,aaronramon,62176,7889351
20170807,41.2061,-81.51448,2017-08-07 20:54:21 UTC,0,29,81,75,239,6,1016,59,70,0.6,10,0.9997904469637258,219,Micropterus salmoides,dankrumm,625942,7892221
20170909,37.6229081,-96.0742254,2017-09-09 21:34:00 UTC,0,15,83,67,173,12,1022,57,70,0.0,10,0.8486676192107286,252,Lepomis megalotis,tobler,29712,7893508
20170909,37.6229081,-96.0742254,2017-09-09 21:39:00 UTC,0,15,83,67,173,12,1022,57,70,0.0,10,0.8483866021530447,252,Lepomis humilis,tobler,29712,7893509
20170909,37.6229081,-96.0742254,2017-09-09 21:36:00 UTC,0,15,83,67,173,12,1022,57,70,0.0,10,0.8485552392936297,252,Micropterus punctulatus,tobler,29712,7893510
20170909,37.6229081,-96.0742254,2017-09-09 21:51:00 UTC,0,15,83,67,173,12,1022,57,70,0.0,10,0.8477112469943513,252,Lepomis macrochirus,tobler,29712,7893512
20170909,37.2741908,-97.1689296,2017-09-09 16:27:00 UTC,0,4,83,64,174,16,1022,55,69,0.0,10,0.8654863340318799,252,Lepomis cyanellus,tobler,29712,7893522
20170817,41.20609167,-81.51456333,2017-08-17 05:19:27 UTC,0,40,87,80,185,14,1013,69,80,6.5,10,0.2598377997454948,229,Lepomis gulosus,dankrumm,625942,7893630
20170714,41.233975,-81.56899167,2017-07-14 21:23:31 UTC,0,72,85,82,299,9,1016,69,82,1.1,7,0.7041096264420995,195,Lepomis gibbosus,dankrumm,625942,7893649
20170901,42.40526589,-85.40299094,2017-09-01 18:23:00 UTC,0,56,61,65,84,17,1022,43,53,0.0,10,0.8052448086138766,244,Micropterus salmoides,tkoffel,320666,7896778
20170715,37.96559167,-85.57125833,2017-07-16 02:01:47 UTC,0,38,92,73,232,7,1018,67,84,0.0,6,0.5813821252951575,197,Micropterus salmoides,tyjamison,607058,7898780
20170913,47.3780759,-91.19441345,2017-09-13 14:57:50 UTC,0,13,74,86,212,8,1006,61,66,0.0,8,0.46002289871058827,256,Micropterus dolomieu,mquirk,259126,7902629
20170705,40.06436632,-83.85217745,2017-07-05 18:43:19 UTC,0,16,85,78,54,8,1018,64,76,0.3,10,0.8974433010054714,186,Lepomis cyanellus,jbperkins5,558642,7905382
20170913,30.15386288,-97.81239185,2017-09-14 00:52:50 UTC,0,39,93,60,180,8,1009,62,80,0.0,10,0.41285241799562666,257,Lepomis macrochirus,awolfhope,608800,7909770
20170913,30.15385711,-97.81238875,2017-09-14 00:55:15 UTC,0,39,93,60,180,8,1009,62,80,0.0,10,0.41266214853498284,257,Lepomis macrochirus,awolfhope,608800,7909800
20170913,30.15386183,-97.81237421,2017-09-14 00:57:17 UTC,0,39,93,60,180,8,1009,62,80,0.0,10,0.41250206997860533,257,Lepomis macrochirus,awolfhope,608800,7909835
20170913,47.37820333,-91.194685,2017-09-13 15:12:00 UTC,0,13,74,86,212,8,1006,61,66,0.0,8,0.4588939755176015,256,Micropterus dolomieu,jwalewski,111581,7911510
20140927,29.38728375,-95.02447486,2014-09-27 22:15:00 UTC,0,37,87,68,83,19,1014,71,87,0.0,10,0.1305584215315957,270,Lepomis macrochirus,greghall,530786,7912723
20170914,37.60908782,-77.46331173,2017-09-14 13:57:34 UTC,0,59,79,76,227,9,1013,65,76,2.9,10,0.351927617653215,257,Lepomis auritus,ruggedbynature,315502,7915296
20170914,43.09238632,-89.36959617,2017-09-14 22:53:50 UTC,0,45,76,84,187,11,1011,58,64,0.0,8,0.31160674377915,257,Lepomis macrochirus,jordan89,603225,7924078
20170914,43.09132466,-89.36962466,2017-09-14 23:07:05 UTC,0,45,76,84,187,11,1011,58,64,0.0,8,0.31062729457634786,257,Lepomis macrochirus,jordan89,603225,7924085
20170914,36.84933739,-94.92711067,2017-09-14 14:37:00 UTC,0,2,84,65,189,12,1010,54,69,0.0,10,0.34892085690116825,257,Lepomis microlophus,tobler,29712,7924502
20170915,37.52901348,-77.46984442,2017-09-15 12:19:11 UTC,0,45,83,79,348,4,1017,67,77,0.0,10,0.25382498890606175,258,Lepomis auritus,ruggedbynature,315502,7927842
20170913,32.25778754,-95.18087886,2017-09-13 21:58:47 UTC,0,37,84,57,297,6,1009,55,74,0.0,10,0.42658840055517694,256,Lepomis microlophus,jorgea_1,628145,7928901
20170915,43.17912064,-90.02309985,2017-09-15 18:30:47 UTC,0,0,82,75,175,16,1013,60,70,0.0,10,0.22852286757940005,258,Ambloplites rupestris,dwalc400,492264,7932738
20170828,34.9951024,-84.64149892,2017-08-29 03:12:00 UTC,0,67,80,73,52,8,1017,61,71,2.8,10,0.4829058577289159,241,Micropterus c,jonwbecker,60934,7940389
20170828,34.99431138,-84.64117706,2017-08-29 02:32:00 UTC,0,67,80,73,52,8,1017,61,71,2.8,10,0.480258910735241,241,Lepomis megalotis,jonwbecker,60934,7940391
20170825,35.15515273,-90.72013021,2017-08-25 19:05:00 UTC,0,44,87,72,62,14,1017,61,75,0.0,10,0.1810243456898875,237,Lepomis macrochirus,eric_keith,147168,7941513
20170915,39.73876427,-89.58135981,2017-09-16 04:10:51 UTC,0,13,87,70,181,13,1014,59,72,0.0,9,0.1910299828097236,259,Micropterus salmoides,jott5,532579,7941741
20170916,37.60788128,-77.46511024,2017-09-16 10:56:22 UTC,0,48,83,79,47,5,1019,67,77,0.0,10,0.16641882824074022,259,Lepomis auritus,ruggedbynature,315502,7942703
20170916,37.60785488,-77.46524862,2017-09-16 11:06:01 UTC,0,48,83,79,47,5,1019,67,77,0.0,10,0.1658502280180293,259,Lepomis auritus,ruggedbynature,315502,7942725
20170916,37.60732963,-77.46551441,2017-09-16 11:41:09 UTC,0,48,83,79,47,5,1019,67,77,0.0,10,0.16378696785715896,259,Lepomis auritus,ruggedbynature,315502,7942833
20170916,37.60697256,-77.46556143,2017-09-16 12:07:10 UTC,0,48,83,79,47,5,1019,67,77,0.0,10,0.1622660787432218,259,Lepomis auritus,ruggedbynature,315502,7942935
20170916,37.60562085,-77.46477412,2017-09-16 13:01:27 UTC,0,48,83,79,47,5,1019,67,77,0.0,10,0.15911201500446875,259,Lepomis auritus,ruggedbynature,315502,7943474
20170916,37.60704125,-77.46566495,2017-09-16 13:23:18 UTC,0,48,83,79,47,5,1019,67,77,0.0,10,0.15784983358340776,259,Lepomis auritus,ruggedbynature,315502,7943618
20170916,37.60674042,-77.4656165,2017-09-16 13:25:31 UTC,0,48,83,79,47,5,1019,67,77,0.0,10,0.15772202400383245,259,Lepomis auritus,ruggedbynature,315502,7943646
20170916,37.60733407,-77.46534241,2017-09-16 13:45:52 UTC,0,48,83,79,47,5,1019,67,77,0.0,10,0.1565507263784255,259,Lepomis auritus,ruggedbynature,315502,7945140
20170829,41.05549717,-81.42228,2017-08-29 13:57:10 UTC,0,92,71,69,103,10,1018,55,66,0.2,11,0.5255077465178257,241,Lepomis gulosus,alexvaligosky,203080,7957154
20160519,41.52854087,-84.22570892,2016-05-19 11:15:02 UTC,0,39,68,63,221,4,1022,44,58,0.0,10,0.9467153953048385,140,Lepomis cyanellus,jordanskates,632170,7958642
20170917,37.63708115,-77.47757932,2017-09-17 15:09:54 UTC,0,46,80,83,49,6,1019,66,74,0.0,10,0.08011944792868281,260,Lepomis auritus,ruggedbynature,315502,7961672
20170917,37.63693371,-77.4771407,2017-09-17 15:13:57 UTC,0,46,80,83,49,6,1019,66,74,0.0,10,0.07994783556285073,260,Lepomis gibbosus,ruggedbynature,315502,7961732
20170917,25.38292481,-80.56607008,2017-09-17 17:05:00 UTC,0,43,88,78,28,10,1014,74,88,0.0,10,0.07531076950112015,260,Lepomis macrochirus,joemdo,349183,7974126
20170917,43.19660219,-90.55272415,2017-09-17 18:29:00 UTC,0,45,67,79,327,12,1019,55,62,7.4,8,0.07189147706768861,260,Lepomis cyanellus,driftlessroots,249972,7978050
20170917,43.19660219,-90.55272415,2017-09-17 18:38:00 UTC,0,45,67,79,327,12,1019,55,62,7.4,8,0.07152965609405915,260,Lepomis gulosus,driftlessroots,249972,7978052
20170917,43.19660219,-90.55272415,2017-09-17 18:38:00 UTC,0,45,67,79,327,12,1019,55,62,7.4,8,0.07152965609405915,260,Lepomis macrochirus,driftlessroots,249972,7978053
20170918,44.78632928,-85.63665513,2017-09-18 16:41:52 UTC,0,38,65,69,26,10,1020,49,60,0.0,10,0.028136488421780737,261,Lepomis macrochirus,frsimkins,224831,7980463
20170918,44.78642114,-85.63651507,2017-09-18 16:42:52 UTC,0,38,65,69,26,10,1020,49,60,0.0,10,0.028111245610986102,261,Ambloplites rupestris,frsimkins,224831,7980479
20170911,31.62411822,-94.6418399,2017-09-11 20:37:05 UTC,0,0,78,55,128,10,1016,54,72,0.0,10,0.6598665830347976,254,Micropterus punctulatus,ryanw95,606879,7981679
20150516,41.25036167,-84.37464167,2015-05-16 14:17:41 UTC,0,77,80,85,201,14,1017,66,73,5.0,8,0.03357118658858749,136,Lepomis macrochirus,jerryskates,634417,7985858
20160907,44.25765333,-73.09705283,2016-09-07 18:49:44 UTC,0,27,87,77,164,8,1015,65,76,0.0,9,0.3414764515754215,251,Lepomis gibbosus,beeboy,13355,7986057
20170918,31.86486939,-97.37401485,2017-09-18 18:18:00 UTC,0,31,92,66,191,12,1014,66,83,0.0,10,0.025762663422743193,261,Lepomis macrochirus,jeffmci9,435598,7988509
20170918,31.86474447,-97.37420797,2017-09-18 18:20:00 UTC,0,31,92,66,191,12,1014,66,83,0.0,10,0.025714412330507197,261,Micropterus salmoides,jeffmci9,435598,7988528
20170918,31.86489026,-97.37427235,2017-09-18 18:23:00 UTC,0,31,92,66,191,12,1014,66,83,0.0,10,0.025642122497591013,261,Micropterus salmoides,jeffmci9,435598,7988538
20170918,31.86456223,-97.37397194,2017-09-18 18:31:00 UTC,0,31,92,66,191,12,1014,66,83,0.0,10,0.02544985889584267,261,Micropterus salmoides,jeffmci9,435598,7988554
20150829,41.986825,-85.0280695,2015-08-29 05:09:59 UTC,0,100,80,80,142,7,1018,62,71,2.6,10,0.9945105612698079,241,Micropterus salmoides,jerryskates,634417,7989231
20170919,37.61035919,-86.5009079,2017-09-19 22:03:34 UTC,0,58,78,91,227,8,1014,67,73,4.6,9,0.0016745632954622836,262,Lepomis macrochirus,robert1971,421960,8004378
20170602,34.21037009,-84.09949543,2017-06-02 22:57:12 UTC,0,16,83,67,68,5,1017,61,74,0.0,10,0.646884808492074,153,Micropterus salmoides,ejohnson15,633935,8004600
20170919,39.72960861,-89.58833154,2017-09-19 23:44:34 UTC,0,52,83,81,287,8,1012,66,75,1.2,9,0.0012460643272113603,262,Lepomis cyanellus,jott5,532579,8006585
20170919,39.72954621,-89.58747055,2017-09-19 23:15:48 UTC,0,52,83,81,287,8,1012,66,75,1.2,9,0.0013562264224616372,262,Pomoxis nigromaculatus,jott5,532579,8009299
20170903,38.84296333,-77.05956383,2017-09-03 15:03:49 UTC,0,47,80,78,278,10,1015,63,72,0.0,10,0.9266692140298288,246,Lepomis auritus,kylefitzroy,165609,8011171
20170901,38.839445,-78.33076333,2017-09-01 18:27:55 UTC,0,92,65,73,66,8,1020,49,57,0.0,8,0.8055056718683422,244,Lepomis auritus,kylefitzroy,165609,8011188
20170901,38.83949667,-78.33068,2017-09-01 17:13:53 UTC,0,92,65,73,66,8,1020,49,57,0.0,8,0.8015652546389236,244,Lepomis auritus,kylefitzroy,165609,8011207
20170919,30.65142822,-97.69288635,2017-09-19 20:30:29 UTC,0,55,92,72,185,19,1012,71,87,0.0,10,0.0021729632785166264,262,Micropterus salmoides,aaronramon,62176,8013837
20170920,31.62034667,-94.647805,2017-09-20 20:18:58 UTC,0,51,89,79,184,10,1013,73,86,0.0,8,0.005272190537185251,263,Micropterus punctulatus,baxterke1,606674,8014006
20170920,31.62386667,-94.64178333,2017-09-20 20:03:41 UTC,0,51,89,79,184,10,1013,73,86,0.0,8,0.005119939240343541,263,Lepomis microlophus,nadiagarcia,608933,8014040
20170920,31.62300978,-94.6411974,2017-09-20 20:23:37 UTC,0,51,89,79,184,10,1013,73,86,0.0,8,0.005319010396793,263,Lepomis megalotis,ewingkn,636456,8014070
20170908,36.63637079,-94.62920608,2017-09-08 15:42:01 UTC,0,0,82,64,188,9,1020,55,69,0.0,10,0.9338472848180575,251,Lepomis megalotis,andrew_tbc_taylor,637943,8016188
20170603,36.05625242,-97.02056692,2017-06-03 15:42:49 UTC,0,65,76,85,110,8,1011,67,72,7.5,8,0.7115857922898199,154,Lepomis cyanellus,andrew_tbc_taylor,637943,8016842
20170611,36.15606123,-97.03777744,2017-06-12 01:48:54 UTC,0,15,88,61,179,25,1009,64,82,0.0,10,0.9421186901740819,163,Lepomis macrochirus,andrew_tbc_taylor,637943,8016895
20170918,36.19325604,-97.01481504,2017-09-19 00:28:21 UTC,0,55,87,81,179,15,1014,66,75,1.7,10,0.017618865459919753,262,Micropterus salmoides,andrew_tbc_taylor,637943,8017601
20170920,31.62316977,-94.64199487,2017-09-20 20:12:00 UTC,0,51,89,79,184,10,1013,73,86,0.0,8,0.005202478470203609,263,Micropterus salmoides,haileyhester,610128,8018656
20170919,36.54281616,-93.51379395,2017-09-20 00:08:00 UTC,0,50,88,76,177,7,1012,65,76,0.0,10,0.001163311521462429,263,Micropterus salmoides,chinquapin,300377,8020833
20170920,31.623405,-94.64185333,2017-09-20 20:23:40 UTC,0,51,89,79,184,10,1013,73,86,0.0,8,0.005319515092740035,263,Lepomis megalotis,nadiagarcia,608933,8027566
20140523,35.4572896,-80.1121493,2014-05-23 12:19:00 UTC,0,12,86,77,298,8,1015,67,78,3.8,10,0.28589341325171325,143,Pomoxis nigromaculatus,mccbio1,583231,8030572
20170920,31.62305389,-94.64198051,2017-09-20 20:22:35 UTC,0,51,89,79,184,10,1013,73,86,0.0,8,0.005308585951828204,263,Micropterus punctulatus,darty,615421,8036498
20170922,44.97458079,-85.64690913,2017-09-22 16:33:11 UTC,0,2,76,83,226,17,1016,66,74,0.0,10,0.06698689486239667,265,Ambloplites rupestris,frsimkins,224831,8038862
20170922,41.20843,-87.983865,2017-09-22 17:11:00 UTC,0,14,89,75,187,8,1017,69,82,0.0,10,0.06832794162806155,265,Micropterus dolomieu,eattaway92,151498,8041948
20170809,40.6435908,-98.86723085,2017-08-09 20:15:10 UTC,0,27,81,73,207,14,1017,61,72,13.6,9,0.9544577620102228,221,Lepomis cyanellus,nathanwhalen,640958,8043984
20170922,32.87317007,-97.27599956,2017-09-22 15:51:00 UTC,0,29,91,65,167,19,1013,68,86,0.0,10,0.06550473416423469,265,Micropterus salmoides,walkingstick2,448026,8049661
20170923,29.54078559,-82.60672051,2017-09-23 13:10:53 UTC,0,42,84,79,61,13,1013,70,81,4.3,10,0.11655840292102437,266,Lepomis gulosus,ttuen1,641548,8050809
20170923,29.55054954,-82.60972149,2017-09-23 13:12:20 UTC,0,42,84,79,61,13,1013,70,81,4.3,10,0.11662293204403307,266,Lepomis microlophus,joconnor,641546,8050863
20170923,29.55050285,-82.6097691,2017-09-23 13:15:48 UTC,0,42,84,79,61,13,1013,70,81,4.3,10,0.1167772656550431,266,Micropterus salmoides,joconnor,641546,8050882
20170923,29.54856702,-82.61206766,2017-09-23 13:34:56 UTC,0,42,84,79,61,13,1013,70,81,4.3,10,0.11763051524776308,266,Lepomis macrochirus,cmhersom,641566,8051079
20170923,29.54858391,-82.61206497,2017-09-23 13:35:23 UTC,0,42,84,79,61,13,1013,70,81,4.3,10,0.11765061242037239,266,Lepomis macrochirus,cmhersom,641566,8051091
20170923,29.55533326,-82.60636747,2017-09-23 14:20:55 UTC,0,42,84,79,61,13,1013,70,81,4.3,10,0.11969111677242023,266,Lepomis macrochirus,ttuen1,641548,8051769
20170923,39.20615357,-86.52872598,2017-09-23 16:32:44 UTC,0,29,87,77,97,5,1017,68,79,0.0,9,0.12567527614660173,266,Lepomis macrochirus,worm,632672,8054406
20170923,29.5531748,-82.60694004,2017-09-23 15:14:25 UTC,0,42,84,79,61,13,1013,70,81,4.3,10,0.12210616768017812,266,Lepomis gulosus,joconnor,641546,8056604
20170923,29.55065021,-82.61232214,2017-09-23 15:35:10 UTC,0,42,84,79,61,13,1013,70,81,4.3,10,0.12304790868422388,266,Lepomis macrochirus,tleslie,573217,8057239
20170923,29.55069568,-82.61238693,2017-09-23 15:36:29 UTC,0,42,84,79,61,13,1013,70,81,4.3,10,0.12310776079546315,266,Micropterus floridanus,tleslie,573217,8057246
20170923,29.54960088,-82.60585282,2017-09-23 15:53:57 UTC,0,42,84,79,61,13,1013,70,81,4.3,10,0.12390281879810705,266,Lepomis gulosus,tleslie,573217,8057253
20170913,32.25687359,-95.18227927,2017-09-13 21:58:17 UTC,0,37,84,57,297,6,1009,55,74,0.0,10,0.426627947736422,256,Lepomis microlophus,texaslegend,642140,8060036
20170923,31.62925,-94.64637,2017-09-23 21:05:41 UTC,0,48,88,81,105,6,1013,72,84,0.0,10,0.13842076767568817,266,Lepomis megalotis,asavermeulen,303154,8060951
20170923,31.62888667,-94.64653833,2017-09-23 21:03:11 UTC,0,48,88,81,105,6,1013,72,84,0.0,10,0.13830191452097845,266,Lepomis macrochirus,asavermeulen,303154,8060955
20170920,31.63076167,-94.64968,2017-09-20 20:18:04 UTC,0,51,89,79,184,10,1013,73,86,0.0,8,0.0052631554024545335,263,Micropterus salmoides,schiwitzn,607252,8063480
20170923,30.34199598,-95.54285456,2017-09-23 23:38:54 UTC,0,36,88,77,112,7,1012,72,86,0.0,10,0.1457775335078002,266,Pomoxis nigromaculatus,donquixote,77664,8064176
20170923,30.62663269,-97.70032501,2017-09-23 23:36:37 UTC,0,33,87,77,138,15,1012,69,82,0.0,10,0.14566685906470334,266,Lepomis auritus,aaronramon,62176,8067961
20170915,42.63702909,-87.82971203,2017-09-15 18:48:00 UTC,0,0,76,83,168,14,1015,60,67,0.0,10,0.22737381266623458,258,Lepomis gibbosus,jeffcramer,310668,8068732
20170924,30.24740333,-97.792045,2017-09-24 15:35:44 UTC,0,61,87,77,138,14,1011,70,82,0.0,9,0.19472738783329102,267,Lepomis macrochirus,trailfoot,409486,8072059
20170924,29.89127642,-97.93149993,2017-09-24 14:57:00 UTC,0,66,84,81,134,14,1011,71,82,0.0,6,0.19265243693976564,267,Lepomis cyanellus,mako252,18812,8075903
20170923,42.43357523,-83.98708954,2017-09-23 21:17:00 UTC,0,5,92,68,143,3,1019,66,81,0.0,10,0.13895925676881682,266,Lepomis megalotis,koinpro,284003,8076028
20161231,25.76159521,-80.67368031,2016-12-31 13:24:00 UTC,0,98,73,77,96,15,1022,60,69,1.1,6,0.05150520522853208,366,Lepomis gulosus,bradleyfishes,641347,8082285
20161231,25.76149859,-80.67389488,2016-12-31 16:21:00 UTC,0,98,73,77,96,15,1022,60,69,1.1,6,0.057086966809831385,366,Micropterus floridanus,bradleyfishes,641347,8082286
20170925,32.31654743,-95.25290096,2017-09-25 14:19:07 UTC,0,35,87,71,128,10,1012,66,80,0.0,10,0.27196696524323405,268,Lepomis macrochirus,matt213,644312,8087741
20170410,35.3459867,-79.4169711,2017-04-10 18:47:00 UTC,0,13,76,52,216,11,1024,45,64,0.0,10,0.9967643631718199,100,Lepomis macrochirus,mccbio1,583231,8091388
20170925,35.05552857,-78.85886986,2017-09-25 15:25:35 UTC,0,72,80,77,39,17,1013,65,75,0.0,10,0.2759165935531402,268,Lepomis macrochirus,bonnieeamick,35766,8094609
20170925,32.4397391,-94.92319433,2017-09-26 00:31:42 UTC,0,29,88,65,133,8,1012,66,83,0.0,10,0.3089028223868383,269,Lepomis gulosus,otan,627966,8096439
20170925,32.53866099,-94.94982488,2017-09-26 00:34:00 UTC,0,29,88,65,133,8,1012,66,83,0.0,10,0.3090436326773447,269,Lepomis gulosus,otan,627966,8096470
